{"inputUnits":[34],"outputUnits":3,"inputs":{"0":{"dtype":"number","min":426.730945156706,"max":710.2721028012525},"1":{"dtype":"number","min":71.67981337016658,"max":347.5622374538318},"2":{"dtype":"number","min":444.0764668386734,"max":709.1112349098295},"3":{"dtype":"number","min":57.25780205040127,"max":330.76959869741006},"4":{"dtype":"number","min":417.05177039951667,"max":710.0051618642844},"5":{"dtype":"number","min":58.36750787519759,"max":333.31641764956225},"6":{"dtype":"number","min":465.49556153293713,"max":714.5037726020071},"7":{"dtype":"number","min":63.34010973978599,"max":334.16046498814444},"8":{"dtype":"number","min":407.7489058795142,"max":704.3478939783712},"9":{"dtype":"number","min":70.46077505623782,"max":332.5920039670476},"10":{"dtype":"number","min":485.6987088570799,"max":716.6828627530703},"11":{"dtype":"number","min":129.46320648787088,"max":384.6151317789397},"12":{"dtype":"number","min":407.3870131199462,"max":651.845593879195},"13":{"dtype":"number","min":131.15584080321315,"max":377.22359505145005},"14":{"dtype":"number","min":464.56248005076606,"max":723.0291249316026},"15":{"dtype":"number","min":201.03632500199495,"max":437.6609858650178},"16":{"dtype":"number","min":365.1403404859253,"max":677.0124288477323},"17":{"dtype":"number","min":196.44279153430512,"max":457.0502896438777},"18":{"dtype":"number","min":427.0363465542923,"max":736.2117402191756},"19":{"dtype":"number","min":157.13586710770306,"max":536.5027294826879},"20":{"dtype":"number","min":393.3574857600468,"max":693.4036860484557},"21":{"dtype":"number","min":154.84355763238693,"max":523.4586610311665},"22":{"dtype":"number","min":477.1773158715393,"max":741.5026475483342},"23":{"dtype":"number","min":282.69520770714905,"max":521.1452181329987},"24":{"dtype":"number","min":409.16011350164155,"max":710.9334335624012},"25":{"dtype":"number","min":287.0712974934263,"max":523.113951330519},"26":{"dtype":"number","min":470.74254848613816,"max":704.0413751861929},"27":{"dtype":"number","min":388.02329453049003,"max":584.1305126383147},"28":{"dtype":"number","min":413.07246582981213,"max":696.7709267464129},"29":{"dtype":"number","min":383.68393478690416,"max":589.1724695584189},"30":{"dtype":"number","min":493.5492988319249,"max":696.2790688837549},"31":{"dtype":"number","min":519.0813009655429,"max":675.3714320260727},"32":{"dtype":"number","min":405.0238197415719,"max":687.5052200495501},"33":{"dtype":"number","min":507.1517807778681,"max":675.2387403792444}},"outputs":{"0":{"dtype":"string","min":0,"max":1,"uniqueValues":["업","배드","다운"],"legend":{"업":[1,0,0],"배드":[0,1,0],"다운":[0,0,1]}}},"isNormalized":true}