{
  "inputUnits": [34],
  "outputUnits": 2,
  "inputs": {
    "0": {
      "dtype": "number",
      "min": 301.5804531231001,
      "max": 998.4899569856518
    },
    "1": {
      "dtype": "number",
      "min": 105.62454876732733,
      "max": 345.80703438487967
    },
    "2": {
      "dtype": "number",
      "min": 309.1758348041935,
      "max": 1008.0266455268118
    },
    "3": {
      "dtype": "number",
      "min": 94.42547393680081,
      "max": 332.6462207601228
    },
    "4": {
      "dtype": "number",
      "min": 289.21980683441757,
      "max": 986.291249791008
    },
    "5": {
      "dtype": "number",
      "min": 91.45832700024317,
      "max": 334.52582808320165
    },
    "6": {
      "dtype": "number",
      "min": 311.8982064213734,
      "max": 1021.4185674645094
    },
    "7": {
      "dtype": "number",
      "min": 101.24083047710968,
      "max": 339.69534076141474
    },
    "8": {
      "dtype": "number",
      "min": 257.38237076696254,
      "max": 970.2423986293926
    },
    "9": {
      "dtype": "number",
      "min": 96.84506902434947,
      "max": 339.63086792467175
    },
    "10": {
      "dtype": "number",
      "min": 321.9927206670264,
      "max": 1035.145198213451
    },
    "11": {
      "dtype": "number",
      "min": 168.01102575161116,
      "max": 386.76467598644217
    },
    "12": {
      "dtype": "number",
      "min": 227.02000718172422,
      "max": 953.9703288987453
    },
    "13": {
      "dtype": "number",
      "min": 163.8258023391902,
      "max": 386.3226460853904
    },
    "14": {
      "dtype": "number",
      "min": 331.7073575624696,
      "max": 1061.7987060546875
    },
    "15": {
      "dtype": "number",
      "min": 250.03988896826365,
      "max": 454.46354847473856
    },
    "16": {
      "dtype": "number",
      "min": 183.0497913880107,
      "max": 916.3473593863996
    },
    "17": {
      "dtype": "number",
      "min": 239.88682609587795,
      "max": 452.3921067056025
    },
    "18": {
      "dtype": "number",
      "min": 322.9205939741914,
      "max": 1048.6308532002372
    },
    "19": {
      "dtype": "number",
      "min": 203.23310228637223,
      "max": 483.512385624392
    },
    "20": {
      "dtype": "number",
      "min": 227.33468734800584,
      "max": 968.115053881931
    },
    "21": {
      "dtype": "number",
      "min": 243.17500132994894,
      "max": 476.39613288849705
    },
    "22": {
      "dtype": "number",
      "min": 325.6730343117324,
      "max": 1036.2195041671337
    },
    "23": {
      "dtype": "number",
      "min": 333.41522573033194,
      "max": 496.7744012379925
    },
    "24": {
      "dtype": "number",
      "min": 244.78219295754045,
      "max": 954.9027847408785
    },
    "25": {
      "dtype": "number",
      "min": 338.78294473492224,
      "max": 499.6635027339951
    },
    "26": {
      "dtype": "number",
      "min": 349.7856454812135,
      "max": 1041.5534581284578
    },
    "27": {
      "dtype": "number",
      "min": 440.19028600551735,
      "max": 595.088854244247
    },
    "28": {
      "dtype": "number",
      "min": 246.8320058384758,
      "max": 935.6961570175705
    },
    "29": {
      "dtype": "number",
      "min": 447.0531905949812,
      "max": 596.8757187067766
    },
    "30": {
      "dtype": "number",
      "min": 374.92765077821014,
      "max": 1071.080697501216
    },
    "31": {
      "dtype": "number",
      "min": 557.2443315676678,
      "max": 664.7715812712792
    },
    "32": {
      "dtype": "number",
      "min": 216.3191003465467,
      "max": 914.1616571923638
    },
    "33": {
      "dtype": "number",
      "min": 549.5371753974647,
      "max": 660.8736173280946
    }
  },
  "outputs": {
    "0": {
      "dtype": "string",
      "min": 0,
      "max": 1,
      "uniqueValues": ["업", "다운"],
      "legend": { "업": [1, 0], "다운": [0, 1] }
    }
  },
  "isNormalized": true
}
