{
  "inputUnits": [34],
  "outputUnits": 2,
  "inputs": {
    "0": {
      "dtype": "number",
      "min": 535.5869302118799,
      "max": 690.5659740165978
    },
    "1": {
      "dtype": "number",
      "min": 97.40029895352018,
      "max": 334.8697338772191
    },
    "2": {
      "dtype": "number",
      "min": 533.0191693138984,
      "max": 688.4474033697106
    },
    "3": {
      "dtype": "number",
      "min": 80.66456598066634,
      "max": 324.7594264880229
    },
    "4": {
      "dtype": "number",
      "min": 543.2580032051769,
      "max": 684.2872803684338
    },
    "5": {
      "dtype": "number",
      "min": 86.2154854503587,
      "max": 326.65202931207443
    },
    "6": {
      "dtype": "number",
      "min": 549.8019343869695,
      "max": 688.9660383291282
    },
    "7": {
      "dtype": "number",
      "min": 90.75710192728599,
      "max": 331.82719308578555
    },
    "8": {
      "dtype": "number",
      "min": 545.727140077821,
      "max": 654.4451512436923
    },
    "9": {
      "dtype": "number",
      "min": 95.70243627644697,
      "max": 330.42930276477387
    },
    "10": {
      "dtype": "number",
      "min": 543.6096440771674,
      "max": 683.8409138839069
    },
    "11": {
      "dtype": "number",
      "min": 141.20182734982978,
      "max": 376.5402922277784
    },
    "12": {
      "dtype": "number",
      "min": 570.889239478204,
      "max": 636.8857967807161
    },
    "13": {
      "dtype": "number",
      "min": 143.5791918090345,
      "max": 371.3333866104541
    },
    "14": {
      "dtype": "number",
      "min": 520.912976691695,
      "max": 705.1073363782831
    },
    "15": {
      "dtype": "number",
      "min": 200.16250461919765,
      "max": 424.2779267901112
    },
    "16": {
      "dtype": "number",
      "min": 549.7312980681542,
      "max": 677.0124288477323
    },
    "17": {
      "dtype": "number",
      "min": 189.17579918056146,
      "max": 457.0502896438777
    },
    "18": {
      "dtype": "number",
      "min": 494.0815420187865,
      "max": 718.0475613486442
    },
    "19": {
      "dtype": "number",
      "min": 184.07487208741185,
      "max": 424.09407441254257
    },
    "20": {
      "dtype": "number",
      "min": 484.0394372606092,
      "max": 693.3266060083292
    },
    "21": {
      "dtype": "number",
      "min": 180.18946072470817,
      "max": 517.7550482842709
    },
    "22": {
      "dtype": "number",
      "min": 581.3724289237293,
      "max": 668.7484420598249
    },
    "23": {
      "dtype": "number",
      "min": 276.23894390892895,
      "max": 511.9539817483509
    },
    "24": {
      "dtype": "number",
      "min": 562.5031384419839,
      "max": 667.2804563054779
    },
    "25": {
      "dtype": "number",
      "min": 277.61126369817714,
      "max": 513.7009394308009
    },
    "26": {
      "dtype": "number",
      "min": 551.720354844624,
      "max": 691.8365882250122
    },
    "27": {
      "dtype": "number",
      "min": 393.86172520975197,
      "max": 576.2240184976897
    },
    "28": {
      "dtype": "number",
      "min": 584.3045008321681,
      "max": 642.0235639045211
    },
    "29": {
      "dtype": "number",
      "min": 392.30325780490034,
      "max": 575.6078199097154
    },
    "30": {
      "dtype": "number",
      "min": 556.4034321707046,
      "max": 681.0158126177955
    },
    "31": {
      "dtype": "number",
      "min": 439.959752420507,
      "max": 666.9485099584676
    },
    "32": {
      "dtype": "number",
      "min": 544.3597708972976,
      "max": 649.7248561280247
    },
    "33": {
      "dtype": "number",
      "min": 441.054257344643,
      "max": 666.0574756429353
    }
  },
  "outputs": {
    "0": {
      "dtype": "string",
      "min": 0,
      "max": 1,
      "uniqueValues": ["업", "다운"],
      "legend": { "업": [1, 0], "다운": [0, 1] }
    }
  },
  "isNormalized": true
}
