{"inputUnits":[34],"outputUnits":3,"inputs":{"0":{"dtype":"number","min":258.77592454876816,"max":692.0142290286053},"1":{"dtype":"number","min":58.93103690640038,"max":337.6526793246139},"2":{"dtype":"number","min":265.5313925343415,"max":693.5757078178198},"3":{"dtype":"number","min":48.49236454945128,"max":329.24832236442126},"4":{"dtype":"number","min":250.8656248572277,"max":685.8665709736746},"5":{"dtype":"number","min":48.87055630813779,"max":332.2476136916342},"6":{"dtype":"number","min":277.6246708503708,"max":696.6623839144577},"7":{"dtype":"number","min":56.59631532070463,"max":334.16046498814444},"8":{"dtype":"number","min":239.16141636422734,"max":654.6139098883602},"9":{"dtype":"number","min":57.67377604285642,"max":332.5920039670476},"10":{"dtype":"number","min":258.3405366417957,"max":707.548399453961},"11":{"dtype":"number","min":102.01489483868633,"max":384.6151317789397},"12":{"dtype":"number","min":221.99221560829562,"max":690.5820426495623},"13":{"dtype":"number","min":106.45670097009014,"max":375.46180339174975},"14":{"dtype":"number","min":267.1405576590674,"max":734.3072711632874},"15":{"dtype":"number","min":161.23370700412326,"max":456.0004683320161},"16":{"dtype":"number","min":210.65693102384867,"max":709.6535702716516},"17":{"dtype":"number","min":158.79555388036061,"max":461.49048326544266},"18":{"dtype":"number","min":267.80581111796414,"max":746.5001135206409},"19":{"dtype":"number","min":99.07758185835667,"max":536.5027294826879},"20":{"dtype":"number","min":223.38173760308158,"max":693.4036860484557},"21":{"dtype":"number","min":126.58708030611626,"max":523.9409076378968},"22":{"dtype":"number","min":266.04106642814173,"max":741.2938313168775},"23":{"dtype":"number","min":201.11682631583705,"max":524.1793514504043},"24":{"dtype":"number","min":241.57511869136817,"max":710.0508390790294},"25":{"dtype":"number","min":205.20714713351305,"max":523.113951330519},"26":{"dtype":"number","min":255.02717164989568,"max":695.1439693465771},"27":{"dtype":"number","min":288.5313156752558,"max":576.4875787519759},"28":{"dtype":"number","min":241.04790641085677,"max":687.6258369178623},"29":{"dtype":"number","min":292.33760781687835,"max":575.0011162071377},"30":{"dtype":"number","min":253.40647022626553,"max":704.3138152244954},"31":{"dtype":"number","min":370.52585177951386,"max":676.6450735010526},"32":{"dtype":"number","min":244.25132617615816,"max":689.7224491579524},"33":{"dtype":"number","min":374.144091987238,"max":671.0650676326529}},"outputs":{"0":{"dtype":"string","min":0,"max":1,"uniqueValues":["업","다운","배드"],"legend":{"업":[1,0,0],"다운":[0,1,0],"배드":[0,0,1]}}},"isNormalized":true}