{
  "inputUnits": [34],
  "outputUnits": 3,
  "inputs": {
    "0": {
      "dtype": "number",
      "min": 206.7923407898544,
      "max": 704.3640231715102
    },
    "1": {
      "dtype": "number",
      "min": 58.93103690640038,
      "max": 342.6185435729268
    },
    "2": {
      "dtype": "number",
      "min": 208.35220961542854,
      "max": 702.3511395287421
    },
    "3": {
      "dtype": "number",
      "min": 48.49236454945128,
      "max": 327.6248442059825
    },
    "4": {
      "dtype": "number",
      "min": 196.81343301694992,
      "max": 693.1376582639227
    },
    "5": {
      "dtype": "number",
      "min": 48.87055630813779,
      "max": 329.3260103812014
    },
    "6": {
      "dtype": "number",
      "min": 210.34338997586195,
      "max": 699.1979873597854
    },
    "7": {
      "dtype": "number",
      "min": 56.59631532070463,
      "max": 332.4264538241731
    },
    "8": {
      "dtype": "number",
      "min": 178.5756983766314,
      "max": 666.8325247560493
    },
    "9": {
      "dtype": "number",
      "min": 57.67377604285642,
      "max": 331.6193885654791
    },
    "10": {
      "dtype": "number",
      "min": 198.68646513881274,
      "max": 707.548399453961
    },
    "11": {
      "dtype": "number",
      "min": 102.01489483868633,
      "max": 378.31190057301797
    },
    "12": {
      "dtype": "number",
      "min": 177.19770524469266,
      "max": 666.0979725878526
    },
    "13": {
      "dtype": "number",
      "min": 106.45670097009014,
      "max": 372.6711893638285
    },
    "14": {
      "dtype": "number",
      "min": 199.2234569497508,
      "max": 734.3072711632874
    },
    "15": {
      "dtype": "number",
      "min": 161.23370700412326,
      "max": 456.0004683320161
    },
    "16": {
      "dtype": "number",
      "min": 181.22169747454845,
      "max": 709.6535702716516
    },
    "17": {
      "dtype": "number",
      "min": 158.79555388036061,
      "max": 464.7727141027784
    },
    "18": {
      "dtype": "number",
      "min": 205.41029366833425,
      "max": 746.5001135206409
    },
    "19": {
      "dtype": "number",
      "min": 99.07758185835667,
      "max": 502.4807359272404
    },
    "20": {
      "dtype": "number",
      "min": 197.13684885125411,
      "max": 690.956874506019
    },
    "21": {
      "dtype": "number",
      "min": 126.58708030611626,
      "max": 535.9650168808517
    },
    "22": {
      "dtype": "number",
      "min": 173.90010603222464,
      "max": 741.2938313168775
    },
    "23": {
      "dtype": "number",
      "min": 201.11682631583705,
      "max": 520.3378292929801
    },
    "24": {
      "dtype": "number",
      "min": 167.59483411762912,
      "max": 710.0508390790294
    },
    "25": {
      "dtype": "number",
      "min": 205.20714713351305,
      "max": 521.5873804352163
    },
    "26": {
      "dtype": "number",
      "min": 247.56726419251797,
      "max": 695.1439693465771
    },
    "27": {
      "dtype": "number",
      "min": 280.1447260449504,
      "max": 569.7462932423396
    },
    "28": {
      "dtype": "number",
      "min": 230.7679602788438,
      "max": 687.6258369178623
    },
    "29": {
      "dtype": "number",
      "min": 281.67285480462084,
      "max": 576.0787785749027
    },
    "30": {
      "dtype": "number",
      "min": 195.54199605424967,
      "max": 723.4784855824037
    },
    "31": {
      "dtype": "number",
      "min": 339.4349110103257,
      "max": 677.2269857532783
    },
    "32": {
      "dtype": "number",
      "min": 190.40680526525188,
      "max": 700.1233456385274
    },
    "33": {
      "dtype": "number",
      "min": 342.14274237262805,
      "max": 675.0157120997803
    }
  },
  "outputs": {
    "0": {
      "dtype": "string",
      "min": 0,
      "max": 1,
      "uniqueValues": ["업", "다운", "배드"],
      "legend": { "업": [1, 0, 0], "다운": [0, 1, 0], "배드": [0, 0, 1] }
    }
  },
  "isNormalized": true
}
